"","logFC","AveExpr","t","P.Value","adj.P.Val","B"
"225239_at",1.89757067581574,9.26562367732947,13.0890740480589,3.10908784363348e-14,8.49946889253304e-10,22.0847227291495
"211699_x_at",2.38986265773632,13.3242594200452,11.1870201179642,1.82432761729139e-12,1.31676894341293e-08,18.2858770607943
"210254_at",2.53426277898869,5.66220249368757,11.1107107271844,2.16752089450688e-12,1.31676894341293e-08,18.1233666681909
"227062_at",1.9877037960512,7.88200644227634,10.8044952586574,4.36053478108807e-12,1.50246230660555e-08,17.4630909627598
"209116_x_at",2.14698359202588,13.2538685843908,10.8008996473736,4.3967804125631e-12,1.50246230660555e-08,17.4552599975374
"217414_x_at",2.04405308807615,13.3766025602374,10.6716456398733,5.92706247882935e-12,1.70559021594734e-08,17.1725462323678
"211696_x_at",1.85897677156384,13.5746391167369,10.5200513870489,8.43601938757117e-12,2.19637790483549e-08,16.8379616767782
"214805_at",1.23901782400243,8.7648679208582,10.3966471894664,1.12686255544789e-11,2.5296639578632e-08,16.5631881717182
"235094_at",1.31848017278971,7.6283351541734,10.3689111169921,1.20294948156275e-11,2.5296639578632e-08,16.5011323424031
"217232_x_at",2.08304021823431,13.3585536149658,10.3386710365899,1.29191708398039e-11,2.61613209506029e-08,16.4333491508408
"214414_x_at",1.65198354027728,13.8551846225962,10.3083023711314,1.38805010770193e-11,2.65291064454364e-08,16.3651464285899
"205624_at",1.84603003010371,6.01570505840635,10.2203584027952,1.70986852529408e-11,3.01571166517593e-08,16.1668964066205
"213524_s_at",2.0830105323442,6.43219093067036,10.0686386539297,2.45591598166185e-11,3.94932959698123e-08,15.8222753640315
"202018_s_at",2.47012644519113,6.36266767888131,10.0382726054453,2.64145019912738e-11,4.08220016646581e-08,15.7529044299651
"209458_x_at",1.93323170290838,13.5169810081712,10.0196098022582,2.76253143409666e-11,4.08220016646581e-08,15.7102037406254
"227510_x_at",2.58351320043421,6.92033822708656,9.92307369594919,3.48583069650059e-11,5.0154682455571e-08,15.4885289724112
"211745_x_at",1.87315427009564,13.6665688384376,9.89269043982926,3.75148644902157e-11,5.25929542564755e-08,15.4184829433658
"208304_at",1.17321112459119,5.13211875745493,9.82185746851986,4.45419166370903e-11,5.45675747703267e-08,15.254667537262
"204018_x_at",1.94212476946874,13.5144283674016,9.81201149285391,4.56201024197412e-11,5.45675747703267e-08,15.2318395587894
"240108_at",1.21864520525488,5.46714433467877,9.38106103282005,1.31585782806466e-10,1.219398758465e-07,14.2189894254714
"223287_s_at",1.00364491079779,10.4379301828829,9.24839971995519,1.83214951015965e-10,1.51544932275421e-07,13.9018143590161
"209710_at",1.28378254838887,6.69503147014222,9.24252786585444,1.8592888571803e-10,1.51544932275421e-07,13.8877170765879
"244677_at",2.35157275089845,6.84472130654344,9.22469878474458,1.94423609031784e-10,1.52619476019456e-07,13.844882255593
"1558678_s_at",2.67916738810627,11.454208792289,9.0340789070869,3.1428229948323e-10,2.09553472246897e-07,13.3840635267066
"234989_at",1.06464871172436,10.352337531003,8.9004329831193,4.41351954604988e-10,2.51363730396122e-07,13.0578796282463
"214315_x_at",1.13074527144809,8.88640208379038,8.81955494783405,5.42648409661926e-10,2.81783072432966e-07,12.8592493809908
"230885_at",1.07595817056436,5.90795779151589,8.81693461186365,5.46300972618097e-10,2.81783072432966e-07,12.8527985136676
"236841_at",1.60550104805603,8.09016161748293,8.81104264073608,5.54605820870386e-10,2.83393208000826e-07,12.8382898261984
"240336_at",2.50536273731153,5.94366025933556,8.71285509670765,7.13620868983782e-10,3.3065441535329e-07,12.5957850401729
"1566901_at",1.11151102012326,4.82763474042003,8.68908964711348,7.58662834328295e-10,3.48570508125206e-07,12.5368842986094
"1554892_a_at",1.50865320941818,5.27832047284004,8.55321058341702,1.07804672950062e-09,4.33398565701811e-07,12.1985955625036
"231078_at",1.85140430616788,6.47001451009503,8.474891632725,1.32147206308499e-09,5.12421879781361e-07,12.0024380510133
"224567_x_at",3.18714401985912,9.55471739814166,8.45029754448886,1.40894753763274e-09,5.36573925893843e-07,11.9406638620422
"206834_at",3.37177226132648,7.21471200833579,8.40137763139349,1.60090269963371e-09,5.83529034016487e-07,11.8175403640229
"213747_at",2.08621403601657,7.22286221943982,8.3001927025002,2.08698456794534e-09,7.10493962818991e-07,11.5618280372786
"1565823_at",1.36085306116445,5.43328613309005,8.29898463770001,2.09361828564185e-09,7.10493962818991e-07,11.5587665591527
"1569599_at",3.03617972640802,4.59555291102632,8.14599997378662,3.13388580660839e-09,9.62613519529853e-07,11.1694681493387
"242975_s_at",1.9318840897677,5.54300005381744,8.12612560759759,3.30320501804306e-09,1.00895382324863e-06,11.1186617726845
"229274_at",2.34942686189576,6.66954877722152,8.09997716281415,3.54025679684308e-09,1.06941182523423e-06,11.051735704356
"206207_at",2.57973296378238,8.15889535576804,8.06060126565661,3.93033777183392e-09,1.1430383918884e-06,10.9507818031323
"226150_at",1.2095084133528,7.67964139961131,8.02869149710943,4.27837601099246e-09,1.19347045102558e-06,10.8688183522199
"243798_at",1.33950754600747,6.3169578796918,7.9980651503637,4.64191802295701e-09,1.26267098460286e-06,10.7900244105457
"233936_s_at",1.13547627758089,8.12428064834859,7.95182685184773,5.25129006379794e-09,1.38702552772054e-06,10.6708300925003
"213515_x_at",2.56254980031021,8.55327061936685,7.9065402742818,5.92710352406591e-09,1.51431955690796e-06,10.5538169175011
"217422_s_at",1.50078577397649,5.47565454697944,7.82941473995248,7.2884193993422e-09,1.72728120773076e-06,10.353921932209
"241505_at",1.1261499973036,5.37304546257303,7.81381542563356,7.60032992922603e-09,1.76253323723184e-06,10.3133978329279
"229513_at",1.40520843021205,6.64730920020911,7.77803780173244,8.36798527923923e-09,1.85786171041672e-06,10.220336127524
"243431_at",1.09912831708527,6.54451513986613,7.75925704836788,8.80204709234046e-09,1.91733834571201e-06,10.1714196318425
"238156_at",1.09371680243472,8.32337396467394,7.74919554997353,9.0439356384251e-09,1.95445526099167e-06,10.1451948626146
"238320_at",1.23616311228409,7.10601050487443,7.73859321600644,9.30614482476635e-09,1.98755261052383e-06,10.1175464888324
"241843_at",1.47206330774677,7.11063494061552,7.68095678664618,1.08729559351586e-08,2.17757826283809e-06,9.96699513816649
"205513_at",1.56463456971729,5.56178540136447,7.65296869415723,1.17280273388841e-08,2.24206256906814e-06,9.89373683898975
"1566880_at",1.01941728381166,6.16475711315644,7.62307099667598,1.27171508482418e-08,2.38938220834233e-06,9.81537193026197
"239533_at",1.13887756680108,6.60482625317512,7.58983826641791,1.39165219682604e-08,2.47960301298525e-06,9.72813509202348
"223569_at",1.03602868967584,6.27657811994658,7.58966770419162,1.39229652489524e-08,2.47960301298525e-06,9.72768700861586
"209395_at",1.26653401271323,3.56300795602214,7.54492757731036,1.5722245089858e-08,2.66960792014902e-06,9.6100266003775
"207067_s_at",1.0970589482193,5.44381934794555,7.5041800768234,1.7566071216372e-08,2.85894005041238e-06,9.50265293086134
"202412_s_at",1.30748708748821,8.21220520732315,7.49334970885173,1.80921083761723e-08,2.88392427249919e-06,9.47407987157635
"223578_x_at",1.96597096529575,6.79747376533095,7.47839321344571,1.88449669274539e-08,2.96930422696986e-06,9.43459777372566
"242024_at",2.76714075205918,4.79096700307109,7.44962200822021,2.03839009159922e-08,3.07926075597993e-06,9.35857182318911
"204621_s_at",1.70560639414819,6.51184901726192,7.44955542311888,2.03876066513898e-08,3.07926075597993e-06,9.35839576123381
"236907_at",1.58365441160149,9.83777176936884,7.418141841689,2.2214471919515e-08,3.25798187187734e-06,9.27527395269173
"228390_at",1.18131686992532,6.4258729985891,7.39143753973015,2.38977302654918e-08,3.46580478054579e-06,9.20452073864539
"1558740_s_at",1.25712049019824,6.49893934021109,7.36368553853517,2.57844996813014e-08,3.61478851301321e-06,9.13090230677152
"241824_at",2.12728011937156,6.06014643593382,7.34535566591956,2.71129447752302e-08,3.72462375775305e-06,9.0822285644915
"210517_s_at",1.36674686385644,4.81303537010304,7.33064873599103,2.82289055192192e-08,3.82981491132335e-06,9.04314690293224
"235009_at",3.17580530794548,4.91796637064149,7.3032900055984,3.04304646736987e-08,4.00843005980318e-06,8.97037788931818
"217572_at",1.09229079420294,5.50831416135624,7.29849319728811,3.08340515096453e-08,4.03313819686568e-06,8.95761036111741
"244172_at",1.23686060012546,5.44626460009579,7.29705393570152,3.09562020388184e-08,4.03945190088878e-06,8.95377900135023
"243968_x_at",1.68077905882998,7.01374467951203,7.27920821214866,3.25121980013104e-08,4.20237452889278e-06,8.90625329709124
"230245_s_at",2.06749856962208,7.85027690494676,7.26776587946903,3.35513964766744e-08,4.28603411766862e-06,8.87576148446566
"204848_x_at",2.62454163702102,8.86264252980692,7.25074123591971,3.51603093827076e-08,4.40915118233839e-06,8.8303660709797
"235982_at",2.0532935609341,6.12261953958673,7.21203070429534,3.9116260143802e-08,4.78452242362947e-06,8.72702363076717
"239759_at",1.23283730924257,4.83730400270468,7.14359284743338,4.72489749022501e-08,5.47543202659251e-06,8.54390877117089
"223940_x_at",2.63709097038369,8.32504884434569,7.10760586627159,5.21934426886426e-08,5.92049062033513e-06,8.44741273740089
"231418_at",1.48703568063683,6.51050324968055,7.10321502215372,5.28316028142601e-08,5.9541502079002e-06,8.43562936457069
"242904_x_at",1.55719579868692,5.61393402803609,7.09231281233511,5.44505351247364e-08,6.07567960805094e-06,8.4063628689079
"205466_s_at",1.44071586349315,4.2712536785453,7.08304149460438,5.58668060015768e-08,6.15905380452244e-06,8.38146428525978
"213674_x_at",2.29180413242869,7.63376013616513,6.98590916576805,7.31506015111339e-08,7.51787431883693e-06,8.12005749022838
"206478_at",1.21581505225036,6.03044741277104,6.96688843890853,7.71241914493184e-08,7.82432047070257e-06,8.06875159134924
"1558739_at",1.55136130537355,5.46248521690296,6.96041014565153,7.85269161031399e-08,7.93615367456409e-06,8.05126867259373
"212382_at",1.05238342209885,6.08976587790158,6.94906324946393,8.10464027123117e-08,8.07142453241465e-06,8.02063643977773
"232182_at",1.06186141152773,4.05052905430327,6.93233860916075,8.49100900155228e-08,8.39504370994342e-06,7.9754622200326
"204419_x_at",2.72554880010213,8.34917762207088,6.91961880596268,8.79730776235221e-08,8.53256168815614e-06,7.94108612879185
"230983_at",1.24622868111238,6.96072461536488,6.90321912812528,9.20879983727192e-08,8.74116547053546e-06,7.8967406468379
"1569302_at",1.16514307504549,4.94759027471593,6.89985807695246,9.29551168310985e-08,8.77775649868792e-06,7.88764884654117
"239851_at",1.16372949859606,5.81612922600566,6.8595541649516,1.04020547874173e-07,9.62322073607518e-06,7.77853649257824
"242104_at",1.19497139733186,6.1911773268651,6.8345888276444,1.11534673517718e-07,1.01298310208991e-05,7.71086828598518
"227646_at",1.65787276715338,5.5925081784804,6.81504100053213,1.17800102761278e-07,1.0570052159248e-05,7.6578414137567
"266_s_at",1.81411490549642,5.73640068622339,6.81060183488844,1.19271887328756e-07,1.06447535864574e-05,7.64579421284879
"1554178_a_at",1.11481405867685,6.32381467352263,6.81038023769272,1.1934584267944e-07,1.06447535864574e-05,7.64519278254044
"220059_at",1.44185564924816,7.18080375759468,6.8020606597112,1.22156242954328e-07,1.07724073927869e-05,7.62260941855374
"242429_at",1.07923474819822,4.93989932758788,6.78779662289197,1.27131520026075e-07,1.10859902032307e-05,7.58387434366323
"AFFX-BioC-3_at",1.34834570641455,9.26597181679157,6.77209899792818,1.32844299503168e-07,1.13666073166443e-05,7.54122365190286
"204581_at",1.40212260459849,6.87488739416029,6.7592660591256,1.37707103992893e-07,1.16912048304525e-05,7.50633888214744
"244357_at",1.58764953754134,6.72275200719306,6.74738016028053,1.42371636693013e-07,1.19940974363489e-05,7.47401459147039
"230256_at",1.17732858613006,5.7536011126269,6.73919500897382,1.45676496503937e-07,1.22348117455495e-05,7.45174691767945
"212384_at",1.22355162419434,5.50023817206485,6.73500271362268,1.47399140408346e-07,1.23227033667069e-05,7.44033935574063
"219437_s_at",1.79348421266715,6.19443320908643,6.73183586266946,1.48714074665328e-07,1.23617900418517e-05,7.43172101565232
"235739_at",1.66872366171892,7.78133084049835,6.72296761055467,1.52459836918756e-07,1.25795811480452e-05,7.40758176468747
"212027_at",1.80637330449616,7.41648592397586,6.71594811314217,1.55492298318805e-07,1.2765077193064e-05,7.38846960086377
"226675_s_at",1.28309509972236,8.47998434618879,6.71283639789193,1.56856027427099e-07,1.28384779933782e-05,7.37999579069511
"224568_x_at",2.52678354688213,7.85753696945684,6.71132019767085,1.57524889601679e-07,1.28547363268235e-05,7.37586655526683
"205592_at",1.97525238987497,6.73227733643582,6.70157316249143,1.61894173804934e-07,1.30940295159538e-05,7.34931630252815
"236244_at",1.08259775467699,7.35844257298183,6.68418495229128,1.6999551569182e-07,1.35291190981809e-05,7.30193030659659
"216379_x_at",1.85681538318411,7.14922737973697,6.6828069026232,1.70654839827173e-07,1.35369813887103e-05,7.29817368977425
"206693_at",1.32665596639387,4.10959944522973,6.64986278315696,1.87210689348234e-07,1.43962650353231e-05,7.20831544638614
"235425_at",1.07530267256778,4.54489226449232,6.63741379876877,1.93881768613129e-07,1.47228968040595e-05,7.17433422644857
"218859_s_at",1.19760598817429,6.78799713161167,6.63581724090392,1.94754537803693e-07,1.47686606857377e-05,7.16997520137091
"211506_s_at",1.7895756080214,5.19429521673988,6.62871251783114,1.98686813980749e-07,1.49630875404923e-05,7.15057468249394
"236796_at",1.34366955391621,8.26832393998082,6.53568026937743,2.5823982411577e-07,1.77155111462104e-05,6.89613017417185
"AFFX-BioC-5_at",1.22767190275904,8.90931313969703,6.51856562300364,2.71021146626173e-07,1.84534012351009e-05,6.84924113356528
"215621_s_at",1.54574789449869,7.05438763205059,6.49726367362771,2.87826587836643e-07,1.93328239434502e-05,6.79084623766221
"220072_at",1.09721266362734,6.2260075157569,6.49563220779942,2.89156287817405e-07,1.93745343583537e-05,6.78637237488649
"217979_at",1.12094252197653,7.60589333441491,6.49403603549507,2.90463228692523e-07,1.94382827769446e-05,6.7819950848802
"202859_x_at",2.37440002539254,6.21665182356961,6.46789556567726,3.12736556795861e-07,2.04531952665236e-05,6.71027891432221
"1558702_at",1.50598319600488,4.39620633886637,6.44110152557214,3.37359780015179e-07,2.16803048316037e-05,6.63671285107133
"209583_s_at",1.66609269621117,5.9514747614861,6.41627412670722,3.61921382671113e-07,2.29028374971563e-05,6.56849599808295
"205671_s_at",1.1991471902946,7.26800787899476,6.3781519816369,4.03199056715681e-07,2.48253473264976e-05,6.46365753300418
"230180_at",2.29499552859345,7.18097334148674,6.36076714472824,4.23570621326768e-07,2.56748600011541e-05,6.41581165811404
"207802_at",1.00686284211237,3.02296358702944,6.3277511150296,4.65164376928653e-07,2.74949862795396e-05,6.32488488625441
"222915_s_at",1.25580606965448,6.85197497234549,6.31310903779639,4.84907519892354e-07,2.82647320363693e-05,6.28453505882844
"223217_s_at",1.36883553318212,9.00607534535334,6.29693671953923,5.07698620723955e-07,2.91580063950444e-05,6.23995055208924
"205801_s_at",1.01510844643883,6.03722563150642,6.29325282159278,5.13039598759141e-07,2.9359904789854e-05,6.22979205576395
"219878_s_at",1.48177235164268,7.04238197012605,6.29071133251137,5.16757305689629e-07,2.9461632626257e-05,6.2227832441032
"235008_at",1.40374984141875,5.645572174187,6.28843145958644,5.20115442541593e-07,2.95489519030993e-05,6.21649552282336
"1563321_s_at",1.2014231849547,6.32142132316644,6.27114316664409,5.46307240903427e-07,3.06666821318223e-05,6.16880395636033
"234701_at",1.0633819280792,5.27481961350101,6.26568856049327,5.54844075703943e-07,3.09552039174623e-05,6.15375258474647
"1559129_a_at",1.04995827418152,4.45031983326846,6.26208267015558,5.60561306124993e-07,3.12013295502616e-05,6.14380142085306
"231688_at",1.06912557274974,3.49254502598292,6.26141182019262,5.61631494181746e-07,3.12065060410436e-05,6.14194998071918
"1558002_at",2.15356878132007,4.86946683234281,6.25834716449969,5.66546727633962e-07,3.13521683536304e-05,6.13349162535729
"208651_x_at",1.48345682973284,6.6509928570928,6.25449993739822,5.72778562309239e-07,3.16649827040016e-05,6.12287249597647
"241279_at",1.00174070290304,5.04585890614728,6.24615376475978,5.86536665734366e-07,3.22624670010326e-05,6.09983192977273
"203939_at",1.23792393860252,6.17385660120908,6.22905048663712,6.15780766075797e-07,3.34006085170578e-05,6.05260182585154
"241849_at",1.11471073435032,5.90076598029708,6.18575250098049,6.96561196242595e-07,3.65845181600037e-05,5.93295048450992
"225081_s_at",1.04266291801879,6.67601740283006,6.15763221550002,7.54668171954204e-07,3.87068314273885e-05,5.85517808224898
"240861_at",1.13576802100516,4.64214988595647,6.15711925039475,7.55772349735127e-07,3.87271351656683e-05,5.85375891795711
"208859_s_at",1.7857525206509,6.4093667512604,6.15436173976415,7.61735968074231e-07,3.89232841630454e-05,5.84612973992152
"1558747_at",1.90239670353786,7.09774975798743,6.14470190237415,7.83003772577597e-07,3.9602896638002e-05,5.81940030965873
"244869_at",1.08749352957861,6.14267581113776,6.12038739894696,8.39224154402458e-07,4.15621201466978e-05,5.7520956107238
"215224_at",1.03455413022254,4.63691773322612,6.10262067767234,8.828618042531e-07,4.30986331674448e-05,5.70289373917544
"222285_at",1.48795633378425,6.28706708770323,6.09936761165392,8.91096065088585e-07,4.33457983618491e-05,5.69388295569871
"232311_at",1.44291426108917,6.73971812135918,6.09513809967983,9.01917759419261e-07,4.36006662212627e-05,5.68216657349439
"1556416_s_at",2.30579597040688,5.50760263254587,6.09357094027951,9.05961055063577e-07,4.36948444997843e-05,5.67782504783053
"243934_at",1.26738319693469,5.86489132762598,6.07516111980179,9.54848565890383e-07,4.54759105749623e-05,5.62681365021718
"231274_s_at",1.27098097457554,8.35143866094321,6.06937062710459,9.70768201903706e-07,4.59937187513736e-05,5.61076497463603
"222439_s_at",1.38482471822999,6.87168360446713,6.05490460653412,1.01171754758933e-06,4.74812505703402e-05,5.57066352824986
"209088_s_at",1.13748230506576,7.18007008468309,6.05287519044856,1.01759980109903e-06,4.75776820515343e-05,5.56503684535615
"238013_at",1.22868777146457,6.86499536470906,6.05269517436656,1.01812323731678e-06,4.75776820515343e-05,5.56453772876666
"228377_at",1.40946238935104,5.29286551025729,6.04419011975956,1.04316512267263e-06,4.85404707081923e-05,5.54095443733899
"236462_at",1.96311485283471,5.16985305118694,6.04255739250444,1.04804296441899e-06,4.86246211314464e-05,5.53642667637583
"1556451_at",1.16866328661951,6.63160853156849,6.02395198338481,1.10527670043187e-06,5.05273995976597e-05,5.48482154467506
"222633_at",1.37758570715244,7.80163535135537,6.02366094243134,1.10619656732325e-06,5.05273995976597e-05,5.48401415109748
"209257_s_at",1.06582514601565,7.27622349361809,6.01154033828782,1.14519751585389e-06,5.18754549952871e-05,5.45038579500594
"212794_s_at",1.51666945850772,8.80530612741838,6.00375001088952,1.17099279272394e-06,5.26513412353465e-05,5.42876773032412
"224875_at",1.23759784232568,6.38558435703857,5.99752399478731,1.19202835331909e-06,5.32903926555367e-05,5.4114884056867
"222667_s_at",1.01408580710285,8.71284879395296,5.97600282574938,1.26771558032535e-06,5.58350215890524e-05,5.35174497037766
"212177_at",1.04983031844429,7.64062298749343,5.97193365461553,1.28256119616948e-06,5.62793205462009e-05,5.34044627953798
"229982_at",1.5735239023665,7.42801108649895,5.96146567959448,1.32156084552652e-06,5.77127310137083e-05,5.3113766563405
"1563674_at",1.43033868852191,6.67558714909477,5.96055635350823,1.32500448215029e-06,5.77708293951892e-05,5.30885120663226
"213850_s_at",1.17740902126996,8.90184890383775,5.95523684825596,1.34533128656524e-06,5.8427290560934e-05,5.29407668946053
"AFFX-r2-Ec-bioC-3_at",1.12962126862704,9.75294332583649,5.95300656615547,1.35394670992071e-06,5.8612063630178e-05,5.28788185676666
"208268_at",1.0003234214784,5.79414069028935,5.94321645178747,1.39242693080408e-06,5.97574116496961e-05,5.2606860916089
"206804_at",1.07072343465637,8.27757550226702,5.93051478515008,1.44399622520405e-06,6.13922967441922e-05,5.22539582391116
"223266_at",1.28840787097824,8.5099519890411,5.91530689160191,1.50827572034091e-06,6.34834295686214e-05,5.1831327216984
"1558185_at",1.03109277124027,4.11421766483401,5.90807427431016,1.53984859432776e-06,6.43172054200688e-05,5.16302952810173
"232204_at",1.21589642449965,5.35293843508355,5.89341556021951,1.60589345124548e-06,6.64162060868735e-05,5.12227844356432
"238430_x_at",1.32466587417341,9.5996047913356,5.89253780015786,1.60993744512376e-06,6.65331291097063e-05,5.11983798905136
"243780_at",1.49352793189452,7.90147228033605,5.89188349522961,1.61295860511147e-06,6.65869452908182e-05,5.1180187903785
"225041_at",1.03430626378554,8.30495522782703,5.88975133400534,1.6228431856833e-06,6.67992040788089e-05,5.11209050471829
"212827_at",1.86982793041325,9.24450226018457,5.87528021184464,1.69156011672585e-06,6.89679712020774e-05,5.07184983691963
"202124_s_at",1.15054547236916,8.03520950680707,5.87197974100037,1.70763811755152e-06,6.93648692995018e-05,5.06267082738026
"236439_at",2.32471073446742,6.13101351550564,5.87004512774279,1.71713380489417e-06,6.95954712991761e-05,5.05729022816398
"209771_x_at",1.72772683556588,7.80359866957856,5.85318453643369,1.80217195358421e-06,7.2238820793414e-05,5.01039076248741
"211022_s_at",1.30015415000831,4.19744081474662,5.84459980056976,1.84708445141615e-06,7.34467944590386e-05,4.98650715500095
"210479_s_at",1.03779865706823,6.44208518809835,5.82894057198113,1.9319276093162e-06,7.61558342028575e-05,4.94293435333193
"214352_s_at",1.09047733994205,9.09358384442916,5.79716123647674,2.11635016181594e-06,8.09170944736268e-05,4.8544787258808
"208610_s_at",1.64888673039124,8.35275021704834,5.79181477814442,2.14907216437495e-06,8.16542881078528e-05,4.83959372941195
"209254_at",1.19018879802947,6.03874925985255,5.78436544298721,2.19551407772054e-06,8.28431554170951e-05,4.81885252555124
"1558662_s_at",1.21315032030676,8.74722136749051,5.78273791616125,2.20579420254801e-06,8.30657254848681e-05,4.81432075029822
"208900_s_at",1.03144154653202,6.54842017433908,5.76254323222774,2.33744944164707e-06,8.64290769343777e-05,4.75808234300311
"223984_s_at",1.43493918633254,6.0979312892464,5.75253257369656,2.40561102662875e-06,8.86299076017028e-05,4.73019971775996
"215936_s_at",1.19302420687983,8.39655638834637,5.74881150892325,2.43145349847213e-06,8.91019348014429e-05,4.71983466902671
"239571_at",1.91264907090034,4.57317016388279,5.74433964458999,2.46287951344368e-06,8.981078171986e-05,4.70737770640078
"229586_at",1.26707669194349,6.85351923611381,5.73889599713082,2.50168600923172e-06,9.06425994398569e-05,4.69221290445812
"203038_at",1.14534463866827,4.90747111277797,5.73846163398844,2.50480882044923e-06,9.06956438795109e-05,4.69100282652503
"237813_at",1.09300089879979,4.4768741424768,5.73803112157814,2.50790781146236e-06,9.07253976078057e-05,4.68980347071668
"210448_s_at",1.20634838230202,8.69341834509205,5.72288460070459,2.61942502196279e-06,9.40361543505027e-05,4.64760365167109
"204713_s_at",1.09850322996511,7.18389220802369,5.7217275936771,2.62814561271009e-06,9.42873106134672e-05,4.64437983697013
"AFFX-r2-Ec-bioC-5_at",1.10120832017495,9.33038574950507,5.71924462032169,2.6469588462521e-06,9.47136615960953e-05,4.63746130260832
"214433_s_at",2.0075531219654,5.1530793439956,5.70721010807741,2.74007764657314e-06,9.70214836213751e-05,4.60392603256865
"236307_at",1.28218395998902,7.25297517579237,5.69888260755237,2.80643228479409e-06,9.85495730064977e-05,4.58071840218135
"205544_s_at",1.14500789315202,5.93336518944013,5.67310682228304,3.0222210608399e-06,0.000104318141730696,4.50887346168278
"216550_x_at",1.17905742293821,6.51597889616075,5.6699692036275,3.04960132070751e-06,0.000105064242098099,4.50012685145508
"235388_at",1.33632439690274,4.0896293936686,5.65660744423082,3.16901840883692e-06,0.000108300642375621,4.46287625422641
"229399_at",1.0229346905313,4.54327536673421,5.6368935077561,3.35383313720347e-06,0.000113261783061519,4.40790947686562
"219073_s_at",1.47585161509988,6.02450519864771,5.61542053999912,3.56747140177111e-06,0.000119151801400022,4.34802901275885
"236495_at",1.19935646345917,4.26853862065186,5.61026757791183,3.62073933169409e-06,0.000120150822598509,4.3336579160359
"208993_s_at",1.13797697685852,8.35304165785692,5.60701377167328,3.65478540334926e-06,0.000120822611782897,4.32458312461987
"242916_at",1.43278785899305,5.93032407289298,5.59621246343884,3.77012451297807e-06,0.000123580070591772,4.29445717509025
"225640_at",1.17151109291001,9.21197541576256,5.58424119239592,3.9022288440574e-06,0.00012684563736554,4.26106576936029
"210746_s_at",1.60878617925994,5.33521404329285,5.5632437140898,4.1452542320036e-06,0.00013284980957491,4.20249220763446
"209376_x_at",1.02890916252359,8.29257542909289,5.55543829957121,4.2394160844066e-06,0.000135172783395973,4.1807169840458
"209258_s_at",1.08973162734735,6.3574263000203,5.5474954839639,4.33743811181271e-06,0.000137557673296613,4.15855761908326
"1566428_at",1.34219334653481,3.79246966401729,5.54114282623146,4.4174695296767e-06,0.0001391426698112,4.14083400839442
"243054_at",1.03093424834806,5.38707060417628,5.54110633826966,4.41793346000151e-06,0.0001391426698112,4.1407322073241
"236620_at",1.97402303718664,5.38939987507976,5.53526855955226,4.49279131848487e-06,0.000140769836870006,4.12444465949278
"210432_s_at",1.17794731751814,3.93464711801183,5.53251476272792,4.52854346247048e-06,0.000141475091040005,4.11676136302422
"240960_at",1.15320576898908,5.20620042647147,5.5317449925309,4.5385881972413e-06,0.000141475091040005,4.11461363228242
"219667_s_at",1.35041586554553,8.28911308166527,5.528936810972,4.57542195063927e-06,0.000142541991539146,4.10677848870091
"216563_at",1.58870730755733,5.12599661286862,5.50578910358847,4.89068614293459e-06,0.000149551602273461,4.04219075235294
"214052_x_at",1.02499099072795,5.35553283455388,5.46976518155025,5.42519216877902e-06,0.000162800429104277,3.94166664946495
"239655_at",1.62320534506854,4.74622773503411,5.4693660476431,5.43143106701511e-06,0.000162857990995061,3.94055282890129
"219158_s_at",1.10766374723154,6.65834800827231,5.44833097987638,5.77061069998244e-06,0.000170914485385449,3.88185154105601
"231735_s_at",1.3144713884255,8.78682261284234,5.44736164654392,5.7867423660676e-06,0.000171278364693555,3.87914644374722
"211560_s_at",2.10232772659119,6.89312163409335,5.44712488368868,5.79068943907555e-06,0.000171278364693555,3.87848571443262
"205033_s_at",2.80550255692413,9.16319811664057,5.44295772871176,5.86060325110948e-06,0.000172830896847039,3.8668564953171
"242774_at",1.49185792822563,5.43185938237503,5.41027409611384,6.43909621205132e-06,0.000185782366962483,3.77564592673655
"240105_at",1.22426295376257,5.4761056838043,5.35664098917476,7.51491315797166e-06,0.000209845698116497,3.62597530955138
"1554676_at",1.6188227701771,8.80520648706524,5.35473618428086,7.55626582143307e-06,0.000210679534160388,3.62065993530754
"227223_at",1.15200825268006,8.56217211752909,5.35080961460178,7.64223036084791e-06,0.000212316537083008,3.60970288637891
"210172_at",1.20034147087947,6.62303897768536,5.34933890018153,7.67468014317206e-06,0.000213001592298443,3.60559890192709
"220068_at",1.17084672167486,6.20915227412388,5.33906824578926,7.90516818210212e-06,0.000217630951841104,3.57693940355401
"201867_s_at",1.56907407656486,6.71836358655699,5.33577440747888,7.98054377002642e-06,0.000219143020269108,3.56774837247641
"228556_at",1.12823234687522,4.27539809987998,5.32470431859928,8.23917954358106e-06,0.000224901218944231,3.53685942664316
"207655_s_at",1.05354065035616,7.72621674763081,5.32370332209347,8.26297578048308e-06,0.000225173363173046,3.53406639634502
"235372_at",1.29509251014524,7.6745042518403,5.32341924896626,8.26974144035621e-06,0.000225173363173046,3.53327376316683
"228599_at",1.68782632055875,7.36535228822729,5.30424957666241,8.73934000184616e-06,0.000234759416332679,3.47978769247809
"230058_at",1.12733546237758,6.36768208130793,5.25499258995891,1.00719712856264e-05,0.000261981460533598,3.34237584642938
"208650_s_at",1.48953923006496,5.63806618539445,5.25480970157391,1.00772800728213e-05,0.000261994906315505,3.34186571439409
"230877_at",1.7330615380096,6.91331609000797,5.24627303487064,1.03282158190514e-05,0.000266595892588471,3.31805497907419
"232286_at",1.15307630059063,5.75360694706303,5.23320799534466,1.07244119933068e-05,0.000274639158201106,3.2816161713899
"227198_at",1.20401702331983,6.66817287248966,5.18571894555915,1.22968285618257e-05,0.00030338581247401,3.14919793903501
"231647_s_at",1.51849957008946,4.27664886434405,5.16978043244298,1.2874614105089e-05,0.000314148802620692,3.10476714127172
"206255_at",1.03923613605931,6.48452550687959,5.13837002954682,1.40938374930861e-05,0.000336204434962689,3.01722676055442
"222529_at",1.14469398018334,8.91303257381516,5.1322324779226,1.43452080234573e-05,0.00034071426962751,3.00012488843113
"209995_s_at",1.33509385229153,7.96494457247326,5.12828887118676,1.45090799313285e-05,0.00034385953413324,2.98913691432325
"230000_at",1.21514942637438,8.74179237313533,5.10736998847382,1.54101006400923e-05,0.000358530745743425,2.9308595612929
"39318_at",1.58505773804643,7.9492510934576,5.10509493288988,1.55113988808477e-05,0.000359968477848195,2.92452242674571
"206676_at",1.68666474972101,4.57371444024434,5.09429752132156,1.60012958403517e-05,0.000368832567483655,2.89444884510968
"241893_at",1.01712899992475,5.55153816449125,5.08529249647636,1.64216562175784e-05,0.000376458722723732,2.86937070019659
"237577_at",1.1749378297217,3.59361375803545,5.06151872120935,1.75851292317414e-05,0.000397982745213964,2.80317753487305
"244546_at",1.35808966672458,4.88968695433858,5.05127061133522,1.81116941254899e-05,0.000406843416726032,2.77465060341536
"242665_at",1.01658041793535,3.84101680280386,5.02421905819008,1.95784143741265e-05,0.000432854753702128,2.69937008809842
"204467_s_at",1.4179780575882,7.31146304147406,5.02308267902288,1.96425556856698e-05,0.00043392191196525,2.69620840157217
"228592_at",1.59039599248647,10.6718044140245,5.02023363470155,1.98042885240068e-05,0.000435734195191176,2.68828191102746
"1557852_at",1.05134317639186,3.89801260653505,5.01457531519385,2.01294438016999e-05,0.000439766580932375,2.67254065163318
"228527_s_at",1.12352986001045,6.2898914098094,4.99500950154419,2.12953589924071e-05,0.00045893723015761,2.61812053394328
"215925_s_at",1.24402208293424,6.63546564751028,4.91836113253215,2.65480008162663e-05,0.000542418514435487,2.40511672885453
"233884_at",1.02143482723731,3.53419334363571,4.88381581629615,2.93194654608322e-05,0.000585265342851771,2.3092232358249
"242836_at",1.10334413391514,5.52932080186989,4.86803738482583,3.06793471013367e-05,0.000607311116135258,2.26544857686081
"237009_at",1.82023714599631,7.41493263398918,4.86586340890375,3.0871568212373e-05,0.000610232462766267,2.25941847808147
"209374_s_at",1.3041929862525,10.5805657921038,4.85021510788754,3.2290984968597e-05,0.000630536389341529,2.21602282788374
"243182_at",1.41116182589833,4.78413523659693,4.84960088190483,3.23480047934928e-05,0.000630976511624767,2.21431979363298
"236254_at",1.03059158983998,6.80118896592509,4.84918597981812,3.23865776469517e-05,0.000631503613711514,2.21316942917873
"219737_s_at",1.37477972683203,6.06229385291752,4.81799816162658,3.54209237348447e-05,0.000674552074260758,2.12673106971923
"1553186_x_at",1.03965387410177,7.296232972558,4.80467213896316,3.68021313577737e-05,0.000695045434192151,2.08981819739713
"201996_s_at",1.24966686907809,7.26301575336459,4.80226869835491,3.70568806835179e-05,0.000698168487722724,2.0831620682396
"221683_s_at",1.04939752006329,3.99230384137921,4.7837435929628,3.90801487359515e-05,0.000726771133380322,2.03187261143055
"235643_at",1.00173334200009,6.35205528023495,4.75168515476945,4.28441507112432e-05,0.000780574455227332,1.94317586352718
"235400_at",1.31640602567854,5.65550141914977,4.73251802010017,4.52643700920945e-05,0.000813286044950794,1.89018470285618
"1553185_at",1.01998527372257,7.96487654613622,4.71258013104709,4.79260203469764e-05,0.000845003277159282,1.83509487116715
"205950_s_at",1.5613665347967,6.00056899040871,4.58443957707812,6.91499314700408e-05,0.00111691949870738,1.48189328037645
"219672_at",1.329534335262,6.37407569985119,4.58185333611206,6.966266781498e-05,0.00112420494769304,1.47478123107507
"205511_at",1.03535354657534,5.22953616900222,4.57264468867935,7.15191003581837e-05,0.00114840141324044,1.44946355195511
"236000_s_at",1.12784011223763,7.62524994948626,4.57250872030734,7.15468750586891e-05,0.00114851009801345,1.44908979605252
"215047_at",1.34782954611095,7.17942287313,4.55774570581694,7.46269931805116e-05,0.00118508011970504,1.40852030387186
"243296_at",1.32529681336309,9.63640362760067,4.51979542465597,8.31605289054586e-05,0.00128424538957104,1.30434050087294
"232569_at",1.08764453918211,4.32324937383007,4.51465334968743,8.43887233920542e-05,0.00129751221919588,1.29023710391973
"209890_at",1.08538685726338,6.43865513786267,4.48983124229899,9.05746272581701e-05,0.00137141172676279,1.22219950138193
"205900_at",1.03333891039973,5.64745732947007,4.4821041451283,9.25903139828028e-05,0.00139613221649469,1.20103428185864
"221969_at",1.26811151944132,7.17208217889669,4.47083621106262,9.56094216125508e-05,0.00142904459449596,1.17018324418031
"210356_x_at",1.31428831436072,9.27877840093314,4.45502437903306,0.000100010788342886,0.00147666482653182,1.12691735054496
"205049_s_at",1.21629220036239,7.97348867077078,4.41104653682367,0.000113333260261332,0.00162642248274243,1.00674612530069
"230014_at",1.23868559178916,5.60935787876349,4.3219551301344,0.000145922208391113,0.00197972623915239,0.764093049816303
"1564378_a_at",1.17021652145259,4.18255784562205,4.32167753735828,0.000146036972807694,0.00198079173611032,0.763338736037044
"217418_x_at",1.2876386687173,9.25128243097305,4.3101561487503,0.000150879549455516,0.00203335946918422,0.73204118080348
"235401_s_at",1.48226648523846,6.2355509636275,4.24940565902137,0.000179152882210042,0.00232874306963787,0.567344964038838
"214916_x_at",1.00916155295209,7.97328899403175,4.18660706676679,0.000213858621558815,0.00266288320057577,0.397711061527354
"223670_s_at",1.03013888600959,5.51549189235223,4.16821002062851,0.000225223626186212,0.00276100936361684,0.348140794339565
"234151_at",1.02130160043448,8.42638825173836,4.15372616511499,0.000234587096758097,0.00285150055919274,0.309155541257114
"204466_s_at",1.16174152446862,8.80051011493918,4.12414056885706,0.000254917950953017,0.00303393161863346,0.229636712286303
"207269_at",1.18220147896833,5.66449753134783,3.96399643211001,0.00039885464928856,0.00430720480937232,-0.197927014451364
"1562255_at",1.02629012277309,5.61434215664095,3.7772305402621,0.000668640785095952,0.00638343546797995,-0.689688147132468
"236571_at",1.00092829701987,7.07116039566935,3.76576605510096,0.000690039279754763,0.00653725269065395,-0.719606600750597
